,Pregnancies,DiastolicBloodPressure,SerumInsulin,BMI,Fasting Glucose,Age,Outcome
count,15000.0,15000.0,15000.0,15000.0,15000.0,15000.0,15000.0
mean,3.2245333333333335,71.22066666666667,137.85213333333334,31.509646041017337,85.83522937908,30.137733333333333,0.3333333333333333
std,3.3910202078566605,16.75871603653161,133.06825195901357,9.758999734051915,14.093751542000154,12.089702515888623,0.47142023506077596
min,0.0,24.0,14.0,18.20051152,57.69491525,21.0,0.0
25%,0.0,58.0,39.0,21.2598874975,75.3220339,22.0,0.0
50%,2.0,72.0,83.0,31.76794047,84.13559322,24.0,0.0
75%,6.0,85.0,195.0,39.2596918025,95.15254237,35.0,1.0
max,14.0,117.0,799.0,56.03462763,122.9152542,77.0,1.0
